idx,arraythmia,quantity,TP,TN,FP,FN,specificity,sensitivity,precision,accuracy,F1,
0,窦性心律,8000,7784,27162,168,216,0.9938529088913282,0.973,0.9788732394366197,0.989131050099066,0.97592778335005,
1,房性早搏,900,819,34290,140,81,0.9959337786813826,0.91,0.8540145985401459,0.9937446928955562,0.8811188811188813,
2,心房扑动,4843,4312,30205,282,531,0.9907501558041132,0.8903572166012802,0.9386155855463648,0.9769883951316162,0.9138497403835965,
3,心房颤动,7800,7374,26866,664,426,0.97588085724664,0.9453846153846154,0.9173923861657128,0.9691480328332862,0.931178179063013,
4,室性早搏,795,735,34473,62,60,0.9982047198494282,0.9245283018867925,0.9222082810539524,0.9965468440418908,0.9233668341708543,
5,阵发性室上性心动过速,5739,5705,29511,80,34,0.9972964752796458,0.9940756229308242,0.986171132238548,0.9967732804981602,0.9901076015272475,
6,心室预激,2843,2782,32437,50,61,0.9984609228306708,0.9785437917692579,0.9823446327683616,0.9968581941692612,0.9804405286343613,
7,室扑室颤,370,349,34938,22,21,0.999370709382151,0.9432432432432433,0.9407008086253369,0.9987829040475517,0.9419703103913629,
8,房室传导阻滞,3318,3202,31928,84,116,0.9973759840059977,0.9650391802290537,0.9744370054777846,0.9943390885932635,0.9697153240460327,
9,噪声,722,708,34600,8,14,0.9997688395746648,0.9806094182825484,0.9888268156424581,0.999377299745259,0.9847009735744089,
microF1:0.9558448910274554,
testdata_number:35330,
,,,33770,316410,1560,1560,0.9950938767808284,0.9558448910274554,0.9558448910274554,0.9558448910274554,0.9558448910274554,




,,0,1,2,3,4,5,6,7,8,9
,,窦性心律,房性早搏,心房扑动,心房颤动,室性早搏,阵发性室上性心动过速,心室预激,室扑室颤,房室传导阻滞,噪声
0,窦性心律,7784,61,9,50,17,0,32,1,46,0
1,房性早搏,14,819,2,46,13,2,2,1,0,1
2,心房扑动,3,10,4312,467,4,34,2,0,11,0
3,心房颤动,34,44,240,7374,24,42,12,7,21,2
4,室性早搏,12,21,2,22,735,1,1,0,1,0
5,阵发性室上性心动过速,0,0,7,25,0,5705,0,0,2,0
6,心室预激,44,4,0,8,3,0,2782,0,2,0
7,室扑室颤,0,0,9,5,0,1,1,349,1,4
8,房室传导阻滞,61,0,13,40,1,0,0,0,3202,1
9,噪声,0,0,0,1,0,0,0,13,0,708
